,Tissue_plasma,506,142,Species_Oncorhynchus mykiss,Sex_male,Tissue_ovary,577,Tissue_blood ,4,Tissue_whole body,Tissue_liver,1292,1274,299,143,270,340,Sex_female,Mixture,141,Species_Danio rerio,236,372,Exposure Concentration (ug/L),1261,Tissue_gonad,247,Tissue_muscle,134,1576,Tissue_brain,Sex_both,553,367,Tissue_gill,Species_Cyprinus carpio,357
0,True,-0.208539272469327,0.0,False,False,False,1.5314516129032258,False,16.671824296562214,False,False,56.3926000175963,0.8300677204059526,0.8761842500000034,5.166666666666667,-22.01234567901235,0.0,True,1,0.0,True,-0.0212091796581899,0.1926476316279699,2.51,3.4613201402110083,False,-15.526748971193417,False,33.46913580246914,0.0,False,False,1.1570094842916416,0.0,False,False,-8.751714677640605
1,True,-0.208539272469327,0.0,False,False,False,1.5314516129032258,False,16.671824296562214,False,False,56.3926000175963,0.8300677204059526,0.8761842500000034,5.166666666666667,-22.01234567901235,0.0,True,1,0.0,True,-0.0212091796581899,0.1926476316279699,17.8,3.4613201402110083,False,-15.526748971193417,False,33.46913580246914,0.0,False,False,1.1570094842916416,0.0,False,False,-8.751714677640605
2,False,-0.208539272469327,0.0,False,False,False,1.5314516129032258,False,16.671824296562214,False,True,56.3926000175963,0.8300677204059526,0.8761842500000034,5.166666666666667,-22.01234567901235,0.0,True,1,0.0,True,-0.0212091796581899,0.1926476316279699,2.51,3.4613201402110083,False,-15.526748971193417,False,33.46913580246914,0.0,False,False,1.1570094842916416,0.0,False,False,-8.751714677640605
3,False,-0.208539272469327,0.0,False,False,False,1.5314516129032258,False,16.671824296562214,False,True,56.3926000175963,0.8300677204059526,0.8761842500000034,5.166666666666667,-22.01234567901235,0.0,True,1,0.0,True,-0.0212091796581899,0.1926476316279699,17.8,3.4613201402110083,False,-15.526748971193417,False,33.46913580246914,0.0,False,False,1.1570094842916416,0.0,False,False,-8.751714677640605
4,False,-0.208539272469327,0.0,False,False,False,1.5314516129032258,False,16.671824296562214,False,False,56.3926000175963,0.8300677204059526,0.8761842500000034,5.166666666666667,-22.01234567901235,0.0,True,1,0.0,True,-0.0212091796581899,0.1926476316279699,17.8,3.4613201402110083,False,-15.526748971193417,True,33.46913580246914,0.0,False,False,1.1570094842916416,0.0,False,False,-8.751714677640605
5,False,-0.208539272469327,0.0,False,False,True,1.5314516129032258,False,16.671824296562214,False,False,56.3926000175963,0.8300677204059526,0.8761842500000034,5.166666666666667,-22.01234567901235,0.0,True,1,0.0,True,-0.0212091796581899,0.1926476316279699,2.51,3.4613201402110083,False,-15.526748971193417,False,33.46913580246914,0.0,False,False,1.1570094842916416,0.0,False,False,-8.751714677640605
6,False,-0.208539272469327,0.0,False,False,True,1.5314516129032258,False,16.671824296562214,False,False,56.3926000175963,0.8300677204059526,0.8761842500000034,5.166666666666667,-22.01234567901235,0.0,True,1,0.0,True,-0.0212091796581899,0.1926476316279699,17.8,3.4613201402110083,False,-15.526748971193417,False,33.46913580246914,0.0,False,False,1.1570094842916416,0.0,False,False,-8.751714677640605
7,False,-0.208539272469327,0.0,False,False,False,1.5314516129032258,False,16.671824296562214,True,False,56.3926000175963,0.8300677204059526,0.8761842500000034,5.166666666666667,-22.01234567901235,0.0,True,1,0.0,True,-0.0212091796581899,0.1926476316279699,2.51,3.4613201402110083,False,-15.526748971193417,False,33.46913580246914,0.0,False,False,1.1570094842916416,0.0,False,False,-8.751714677640605
8,False,-0.208539272469327,0.0,False,False,False,1.5314516129032258,False,16.671824296562214,True,False,56.3926000175963,0.8300677204059526,0.8761842500000034,5.166666666666667,-22.01234567901235,0.0,True,1,0.0,True,-0.0212091796581899,0.1926476316279699,17.8,3.4613201402110083,False,-15.526748971193417,False,33.46913580246914,0.0,False,False,1.1570094842916416,0.0,False,False,-8.751714677640605
9,True,-0.2284405406678447,29.75,False,False,False,1.528364849833148,False,22.98041837751344,False,False,63.42446513843507,0.8477369635018085,0.8367620156250024,5.375,-21.006944444444436,-31.36216376410966,True,1,29.238095238095237,True,-0.0174917289375721,0.0980553739664304,0.69,3.8868421881310113,False,-1.6921296296296289,False,34.601851851851855,0.0,False,False,1.1781422849513634,0.546875,False,False,-0.747905643738977
10,True,-0.2284405406678447,29.75,False,False,False,1.528364849833148,False,22.98041837751344,False,False,63.42446513843507,0.8477369635018085,0.8367620156250024,5.375,-21.006944444444436,-31.36216376410966,True,1,29.238095238095237,True,-0.0174917289375721,0.0980553739664304,8.59,3.8868421881310113,False,-1.6921296296296289,False,34.601851851851855,0.0,False,False,1.1781422849513634,0.546875,False,False,-0.747905643738977
11,False,-0.2284405406678447,29.75,False,False,False,1.528364849833148,False,22.98041837751344,False,True,63.42446513843507,0.8477369635018085,0.8367620156250024,5.375,-21.006944444444436,-31.36216376410966,True,1,29.238095238095237,True,-0.0174917289375721,0.0980553739664304,0.69,3.8868421881310113,False,-1.6921296296296289,False,34.601851851851855,0.0,False,False,1.1781422849513634,0.546875,False,False,-0.747905643738977
12,False,-0.2284405406678447,29.75,False,False,False,1.528364849833148,False,22.98041837751344,False,True,63.42446513843507,0.8477369635018085,0.8367620156250024,5.375,-21.006944444444436,-31.36216376410966,True,1,29.238095238095237,True,-0.0174917289375721,0.0980553739664304,8.59,3.8868421881310113,False,-1.6921296296296289,False,34.601851851851855,0.0,False,False,1.1781422849513634,0.546875,False,False,-0.747905643738977
13,False,-0.2284405406678447,29.75,False,False,False,1.528364849833148,False,22.98041837751344,False,False,63.42446513843507,0.8477369635018085,0.8367620156250024,5.375,-21.006944444444436,-31.36216376410966,True,1,29.238095238095237,True,-0.0174917289375721,0.0980553739664304,0.69,3.8868421881310113,False,-1.6921296296296289,True,34.601851851851855,0.0,False,False,1.1781422849513634,0.546875,False,False,-0.747905643738977
14,False,-0.2284405406678447,29.75,False,False,False,1.528364849833148,False,22.98041837751344,False,False,63.42446513843507,0.8477369635018085,0.8367620156250024,5.375,-21.006944444444436,-31.36216376410966,True,1,29.238095238095237,True,-0.0174917289375721,0.0980553739664304,8.59,3.8868421881310113,False,-1.6921296296296289,True,34.601851851851855,0.0,False,False,1.1781422849513634,0.546875,False,False,-0.747905643738977
15,False,-0.2284405406678447,29.75,False,False,True,1.528364849833148,False,22.98041837751344,False,False,63.42446513843507,0.8477369635018085,0.8367620156250024,5.375,-21.006944444444436,-31.36216376410966,True,1,29.238095238095237,True,-0.0174917289375721,0.0980553739664304,0.69,3.8868421881310113,False,-1.6921296296296289,False,34.601851851851855,0.0,False,False,1.1781422849513634,0.546875,False,False,-0.747905643738977
16,False,-0.2284405406678447,29.75,False,False,True,1.528364849833148,False,22.98041837751344,False,False,63.42446513843507,0.8477369635018085,0.8367620156250024,5.375,-21.006944444444436,-31.36216376410966,True,1,29.238095238095237,True,-0.0174917289375721,0.0980553739664304,8.59,3.8868421881310113,False,-1.6921296296296289,False,34.601851851851855,0.0,False,False,1.1781422849513634,0.546875,False,False,-0.747905643738977
17,False,-0.2284405406678447,29.75,False,False,False,1.528364849833148,False,22.98041837751344,True,False,63.42446513843507,0.8477369635018085,0.8367620156250024,5.375,-21.006944444444436,-31.36216376410966,True,1,29.238095238095237,True,-0.0174917289375721,0.0980553739664304,0.69,3.8868421881310113,False,-1.6921296296296289,False,34.601851851851855,0.0,False,False,1.1781422849513634,0.546875,False,False,-0.747905643738977
18,False,-0.2284405406678447,29.75,False,False,False,1.528364849833148,False,22.98041837751344,True,False,63.42446513843507,0.8477369635018085,0.8367620156250024,5.375,-21.006944444444436,-31.36216376410966,True,1,29.238095238095237,True,-0.0174917289375721,0.0980553739664304,8.59,3.8868421881310113,False,-1.6921296296296289,False,34.601851851851855,0.0,False,False,1.1781422849513634,0.546875,False,False,-0.747905643738977
19,True,-0.2369167910611626,31.6,False,False,False,1.5259472817133446,False,29.28901143264356,False,False,68.85867377510682,0.8590085574712811,0.8104354500000023,5.5,-20.40444444444445,1.5620397282261025,True,1,32.61538461538461,True,-0.0179769841767483,0.0597564811350816,1.12,4.081727678869736,False,-0.1762962962962868,False,35.28148148148148,0.0,False,False,1.2017549757934374,-0.06,False,False,-0.0703893637226969
20,True,-0.2369167910611626,31.6,False,False,False,1.5259472817133446,False,29.28901143264356,False,False,68.85867377510682,0.8590085574712811,0.8104354500000023,5.5,-20.40444444444445,1.5620397282261025,True,1,32.61538461538461,True,-0.0179769841767483,0.0597564811350816,15.2,4.081727678869736,False,-0.1762962962962868,False,35.28148148148148,0.0,False,False,1.2017549757934374,-0.06,False,False,-0.0703893637226969
21,False,-0.2369167910611626,31.6,False,False,False,1.5259472817133446,False,29.28901143264356,False,True,68.85867377510682,0.8590085574712811,0.8104354500000023,5.5,-20.40444444444445,1.5620397282261025,True,1,32.61538461538461,True,-0.0179769841767483,0.0597564811350816,1.12,4.081727678869736,False,-0.1762962962962868,False,35.28148148148148,0.0,False,False,1.2017549757934374,-0.06,False,False,-0.0703893637226969
22,False,-0.2369167910611626,31.6,False,False,False,1.5259472817133446,False,29.28901143264356,False,True,68.85867377510682,0.8590085574712811,0.8104354500000023,5.5,-20.40444444444445,1.5620397282261025,True,1,32.61538461538461,True,-0.0179769841767483,0.0597564811350816,15.2,4.081727678869736,False,-0.1762962962962868,False,35.28148148148148,0.0,False,False,1.2017549757934374,-0.06,False,False,-0.0703893637226969
23,False,-0.2369167910611626,31.6,False,False,False,1.5259472817133446,False,29.28901143264356,False,False,68.85867377510682,0.8590085574712811,0.8104354500000023,5.5,-20.40444444444445,1.5620397282261025,True,1,32.61538461538461,True,-0.0179769841767483,0.0597564811350816,1.12,4.081727678869736,False,-0.1762962962962868,True,35.28148148148148,0.0,False,False,1.2017549757934374,-0.06,False,False,-0.0703893637226969
24,False,-0.2369167910611626,31.6,False,False,False,1.5259472817133446,False,29.28901143264356,False,False,68.85867377510682,0.8590085574712811,0.8104354500000023,5.5,-20.40444444444445,1.5620397282261025,True,1,32.61538461538461,True,-0.0179769841767483,0.0597564811350816,15.2,4.081727678869736,False,-0.1762962962962868,True,35.28148148148148,0.0,False,False,1.2017549757934374,-0.06,False,False,-0.0703893637226969
25,False,-0.2369167910611626,31.6,False,False,True,1.5259472817133446,False,29.28901143264356,False,False,68.85867377510682,0.8590085574712811,0.8104354500000023,5.5,-20.40444444444445,1.5620397282261025,True,1,32.61538461538461,True,-0.0179769841767483,0.0597564811350816,1.12,4.081727678869736,False,-0.1762962962962868,False,35.28148148148148,0.0,False,False,1.2017549757934374,-0.06,False,False,-0.0703893637226969
26,False,-0.2369167910611626,31.6,False,False,True,1.5259472817133446,False,29.28901143264356,False,False,68.85867377510682,0.8590085574712811,0.8104354500000023,5.5,-20.40444444444445,1.5620397282261025,True,1,32.61538461538461,True,-0.0179769841767483,0.0597564811350816,15.2,4.081727678869736,False,-0.1762962962962868,False,35.28148148148148,0.0,False,False,1.2017549757934374,-0.06,False,False,-0.0703893637226969
27,False,-0.2369167910611626,31.6,False,False,False,1.5259472817133446,False,29.28901143264356,True,False,68.85867377510682,0.8590085574712811,0.8104354500000023,5.5,-20.40444444444445,1.5620397282261025,True,1,32.61538461538461,True,-0.0179769841767483,0.0597564811350816,1.12,4.081727678869736,False,-0.1762962962962868,False,35.28148148148148,0.0,False,False,1.2017549757934374,-0.06,False,False,-0.0703893637226969
28,False,-0.2369167910611626,31.6,False,False,False,1.5259472817133446,False,29.28901143264356,True,False,68.85867377510682,0.8590085574712811,0.8104354500000023,5.5,-20.40444444444445,1.5620397282261025,True,1,32.61538461538461,True,-0.0179769841767483,0.0597564811350816,15.2,4.081727678869736,False,-0.1762962962962868,False,35.28148148148148,0.0,False,False,1.2017549757934374,-0.06,False,False,-0.0703893637226969
29,True,-0.1703316105466265,0.0,False,False,False,0.8898305084745761,False,12.912446215677749,False,False,46.32754752367285,0.8357523477324162,1.0992135510204089,4.785714285714286,-14.897959183673464,0.0,True,1,0.0,True,0.0027321547586434,0.5251086545729418,1.21,3.1820058147602133,False,-8.632653061224488,False,33.42857142857143,0.0,False,False,0.8389175257731959,0.0,False,False,0.0
32,False,-0.1703316105466265,0.0,False,False,False,0.8898305084745761,False,12.912446215677749,False,True,46.32754752367285,0.8357523477324162,1.0992135510204089,4.785714285714286,-14.897959183673464,0.0,True,1,0.0,True,0.0027321547586434,0.5251086545729418,6.71,3.1820058147602133,False,-8.632653061224488,False,33.42857142857143,0.0,False,False,0.8389175257731959,0.0,False,False,0.0
33,False,-0.1703316105466265,0.0,False,False,False,0.8898305084745761,False,12.912446215677749,False,False,46.32754752367285,0.8357523477324162,1.0992135510204089,4.785714285714286,-14.897959183673464,0.0,True,1,0.0,True,0.0027321547586434,0.5251086545729418,1.21,3.1820058147602133,False,-8.632653061224488,True,33.42857142857143,0.0,False,False,0.8389175257731959,0.0,False,False,0.0
36,False,-0.1703316105466265,0.0,False,False,True,0.8898305084745761,False,12.912446215677749,False,False,46.32754752367285,0.8357523477324162,1.0992135510204089,4.785714285714286,-14.897959183673464,0.0,True,1,0.0,True,0.0027321547586434,0.5251086545729418,6.71,3.1820058147602133,False,-8.632653061224488,False,33.42857142857143,0.0,False,False,0.8389175257731959,0.0,False,False,0.0
37,False,-0.1703316105466265,0.0,False,False,False,0.8898305084745761,False,12.912446215677749,True,False,46.32754752367285,0.8357523477324162,1.0992135510204089,4.785714285714286,-14.897959183673464,0.0,True,1,0.0,True,0.0027321547586434,0.5251086545729418,1.21,3.1820058147602133,False,-8.632653061224488,False,33.42857142857143,0.0,False,False,0.8389175257731959,0.0,False,False,0.0
39,True,-0.2118421575419107,0.0,False,False,False,0.9653465346534654,False,19.221047881591662,False,False,55.749208271663726,0.8524398460347834,1.023746560000002,5.15,-15.760000000000009,-10.194281899143974,True,1,25.666666666666668,True,0.0331118489653178,0.1475578703703701,1.22,3.684183719779188,False,-0.4799999999999976,False,34.8,0.0,False,False,0.9375,0.7225000000000001,False,False,-0.8400000000000004
40,True,-0.2118421575419107,0.0,False,False,False,0.9653465346534654,False,19.221047881591662,False,False,55.749208271663726,0.8524398460347834,1.023746560000002,5.15,-15.760000000000009,-10.194281899143974,True,1,25.666666666666668,True,0.0331118489653178,0.1475578703703701,7.02,3.684183719779188,False,-0.4799999999999976,False,34.8,0.0,False,False,0.9375,0.7225000000000001,False,False,-0.8400000000000004
41,False,-0.2118421575419107,0.0,False,False,False,0.9653465346534654,False,19.221047881591662,False,True,55.749208271663726,0.8524398460347834,1.023746560000002,5.15,-15.760000000000009,-10.194281899143974,True,1,25.666666666666668,True,0.0331118489653178,0.1475578703703701,1.22,3.684183719779188,False,-0.4799999999999976,False,34.8,0.0,False,False,0.9375,0.7225000000000001,False,False,-0.8400000000000004
42,False,-0.2118421575419107,0.0,False,False,False,0.9653465346534654,False,19.221047881591662,False,True,55.749208271663726,0.8524398460347834,1.023746560000002,5.15,-15.760000000000009,-10.194281899143974,True,1,25.666666666666668,True,0.0331118489653178,0.1475578703703701,7.02,3.684183719779188,False,-0.4799999999999976,False,34.8,0.0,False,False,0.9375,0.7225000000000001,False,False,-0.8400000000000004
43,False,-0.2118421575419107,0.0,False,False,False,0.9653465346534654,False,19.221047881591662,False,False,55.749208271663726,0.8524398460347834,1.023746560000002,5.15,-15.760000000000009,-10.194281899143974,True,1,25.666666666666668,True,0.0331118489653178,0.1475578703703701,1.22,3.684183719779188,False,-0.4799999999999976,True,34.8,0.0,False,False,0.9375,0.7225000000000001,False,False,-0.8400000000000004
44,False,-0.2118421575419107,0.0,False,False,False,0.9653465346534654,False,19.221047881591662,False,False,55.749208271663726,0.8524398460347834,1.023746560000002,5.15,-15.760000000000009,-10.194281899143974,True,1,25.666666666666668,True,0.0331118489653178,0.1475578703703701,7.02,3.684183719779188,False,-0.4799999999999976,True,34.8,0.0,False,False,0.9375,0.7225000000000001,False,False,-0.8400000000000004
45,False,-0.2118421575419107,0.0,False,False,True,0.9653465346534654,False,19.221047881591662,False,False,55.749208271663726,0.8524398460347834,1.023746560000002,5.15,-15.760000000000009,-10.194281899143974,True,1,25.666666666666668,True,0.0331118489653178,0.1475578703703701,1.22,3.684183719779188,False,-0.4799999999999976,False,34.8,0.0,False,False,0.9375,0.7225000000000001,False,False,-0.8400000000000004
46,False,-0.2118421575419107,0.0,False,False,True,0.9653465346534654,False,19.221047881591662,False,False,55.749208271663726,0.8524398460347834,1.023746560000002,5.15,-15.760000000000009,-10.194281899143974,True,1,25.666666666666668,True,0.0331118489653178,0.1475578703703701,7.02,3.684183719779188,False,-0.4799999999999976,False,34.8,0.0,False,False,0.9375,0.7225000000000001,False,False,-0.8400000000000004
47,False,-0.2118421575419107,0.0,False,False,False,0.9653465346534654,False,19.221047881591662,True,False,55.749208271663726,0.8524398460347834,1.023746560000002,5.15,-15.760000000000009,-10.194281899143974,True,1,25.666666666666668,True,0.0331118489653178,0.1475578703703701,1.22,3.684183719779188,False,-0.4799999999999976,False,34.8,0.0,False,False,0.9375,0.7225000000000001,False,False,-0.8400000000000004
48,False,-0.2118421575419107,0.0,False,False,False,0.9653465346534654,False,19.221047881591662,True,False,55.749208271663726,0.8524398460347834,1.023746560000002,5.15,-15.760000000000009,-10.194281899143974,True,1,25.666666666666668,True,0.0331118489653178,0.1475578703703701,7.02,3.684183719779188,False,-0.4799999999999976,False,34.8,0.0,False,False,0.9375,0.7225000000000001,False,False,-0.8400000000000004
49,True,-0.2272174214524598,32.0,False,False,False,1.026315789473684,False,25.529641001596413,False,False,62.61436610331814,0.8629024540840061,0.9733865562130164,5.346153846153846,-16.248520710059164,2.1821454120015784,True,1,33.333333333333336,True,0.0323698870675225,0.0807674044853524,0.86,4.056020968057882,False,0.5680473372781019,False,35.53846153846154,0.0,False,False,1.0117924528301885,0.0453648915187376,False,False,-0.0420775805391189
52,False,-0.2272174214524598,32.0,False,False,False,1.026315789473684,False,25.529641001596413,False,True,62.61436610331814,0.8629024540840061,0.9733865562130164,5.346153846153846,-16.248520710059164,2.1821454120015784,True,1,33.333333333333336,True,0.0323698870675225,0.0807674044853524,6.64,4.056020968057882,False,0.5680473372781019,False,35.53846153846154,0.0,False,False,1.0117924528301885,0.0453648915187376,False,False,-0.0420775805391189
54,False,-0.2272174214524598,32.0,False,False,False,1.026315789473684,False,25.529641001596413,False,False,62.61436610331814,0.8629024540840061,0.9733865562130164,5.346153846153846,-16.248520710059164,2.1821454120015784,True,1,33.333333333333336,True,0.0323698870675225,0.0807674044853524,6.64,4.056020968057882,False,0.5680473372781019,True,35.53846153846154,0.0,False,False,1.0117924528301885,0.0453648915187376,False,False,-0.0420775805391189
56,False,-0.2272174214524598,32.0,False,False,True,1.026315789473684,False,25.529641001596413,False,False,62.61436610331814,0.8629024540840061,0.9733865562130164,5.346153846153846,-16.248520710059164,2.1821454120015784,True,1,33.333333333333336,True,0.0323698870675225,0.0807674044853524,6.64,4.056020968057882,False,0.5680473372781019,False,35.53846153846154,0.0,False,False,1.0117924528301885,0.0453648915187376,False,False,-0.0420775805391189
58,False,-0.2272174214524598,32.0,False,False,False,1.026315789473684,False,25.529641001596413,True,False,62.61436610331814,0.8629024540840061,0.9733865562130164,5.346153846153846,-16.248520710059164,2.1821454120015784,True,1,33.333333333333336,True,0.0323698870675225,0.0807674044853524,6.64,4.056020968057882,False,0.5680473372781019,False,35.53846153846154,0.0,False,False,1.0117924528301885,0.0453648915187376,False,False,-0.0420775805391189
60,True,-0.2315171168504216,33.333333333333336,False,False,False,1.0521769177608844,False,28.683937525686815,False,False,65.45319812495677,0.8668746832595814,0.9544427776456617,5.413793103448276,-16.420927467300814,2.398160254058329,True,1,34.0,True,0.032342877774342,0.0634181404098172,3.63,4.073329701949522,False,0.7990487514863187,False,35.793103448275865,0.0,False,False,1.0422230950510605,-0.0697582243361078,False,False,-0.01585414189457
61,False,-0.2315171168504216,33.333333333333336,False,False,False,1.0521769177608844,False,28.683937525686815,False,True,65.45319812495677,0.8668746832595814,0.9544427776456617,5.413793103448276,-16.420927467300814,2.398160254058329,True,1,34.0,True,0.032342877774342,0.0634181404098172,0.69,4.073329701949522,False,0.7990487514863187,False,35.793103448275865,0.0,False,False,1.0422230950510605,-0.0697582243361078,False,False,-0.01585414189457
63,False,-0.2315171168504216,33.333333333333336,False,False,False,1.0521769177608844,False,28.683937525686815,False,False,65.45319812495677,0.8668746832595814,0.9544427776456617,5.413793103448276,-16.420927467300814,2.398160254058329,True,1,34.0,True,0.032342877774342,0.0634181404098172,0.69,4.073329701949522,False,0.7990487514863187,True,35.793103448275865,0.0,False,False,1.0422230950510605,-0.0697582243361078,False,False,-0.01585414189457
65,False,-0.2315171168504216,33.333333333333336,False,False,True,1.0521769177608844,False,28.683937525686815,False,False,65.45319812495677,0.8668746832595814,0.9544427776456617,5.413793103448276,-16.420927467300814,2.398160254058329,True,1,34.0,True,0.032342877774342,0.0634181404098172,0.69,4.073329701949522,False,0.7990487514863187,False,35.793103448275865,0.0,False,False,1.0422230950510605,-0.0697582243361078,False,False,-0.01585414189457
68,False,-0.2315171168504216,33.333333333333336,False,False,False,1.0521769177608844,False,28.683937525686815,True,False,65.45319812495677,0.8668746832595814,0.9544427776456617,5.413793103448276,-16.420927467300814,2.398160254058329,True,1,34.0,True,0.032342877774342,0.0634181404098172,3.63,4.073329701949522,False,0.7990487514863187,False,35.793103448275865,0.0,False,False,1.0422230950510605,-0.0697582243361078,False,False,-0.01585414189457
70,True,-0.2346529314073499,34.0,False,False,False,1.0754716981132075,False,31.838234048984397,False,False,68.00277022605931,0.8702819531114784,0.9384549999999968,5.46875,-16.5625,2.498608641419011,True,1,34.4,True,0.0323405657595662,0.0511587637442131,3.47,4.054229296672175,False,0.9375,False,36.0,0.0066115702479338,False,False,1.069148936170213,-0.0458984375,False,False,-0.0041666666666666
72,False,-0.2346529314073499,34.0,False,False,False,1.0754716981132075,False,31.838234048984397,False,True,68.00277022605931,0.8702819531114784,0.9384549999999968,5.46875,-16.5625,2.498608641419011,True,1,34.4,True,0.0323405657595662,0.0511587637442131,3.47,4.054229296672175,False,0.9375,False,36.0,0.0066115702479338,False,False,1.069148936170213,-0.0458984375,False,False,-0.0041666666666666
73,False,-0.2346529314073499,34.0,False,False,False,1.0754716981132075,False,31.838234048984397,False,False,68.00277022605931,0.8702819531114784,0.9384549999999968,5.46875,-16.5625,2.498608641419011,True,1,34.4,True,0.0323405657595662,0.0511587637442131,1.57,4.054229296672175,False,0.9375,True,36.0,0.0066115702479338,False,False,1.069148936170213,-0.0458984375,False,False,-0.0041666666666666
75,False,-0.2346529314073499,34.0,False,False,True,1.0754716981132075,False,31.838234048984397,False,False,68.00277022605931,0.8702819531114784,0.9384549999999968,5.46875,-16.5625,2.498608641419011,True,1,34.4,True,0.0323405657595662,0.0511587637442131,1.57,4.054229296672175,False,0.9375,False,36.0,0.0066115702479338,False,False,1.069148936170213,-0.0458984375,False,False,-0.0041666666666666
77,False,-0.2346529314073499,34.0,False,False,False,1.0754716981132075,False,31.838234048984397,True,False,68.00277022605931,0.8702819531114784,0.9384549999999968,5.46875,-16.5625,2.498608641419011,True,1,34.4,True,0.0323405657595662,0.0511587637442131,1.57,4.054229296672175,False,0.9375,False,36.0,0.0066115702479338,False,False,1.069148936170213,-0.0458984375,False,False,-0.0041666666666666
79,True,-0.2370149644775303,34.4,False,False,False,1.0965359144167093,False,34.99253057235784,False,False,68.14463593849428,0.8509683800485691,0.9248032195918366,5.514285714285714,-16.680816326530614,2.5308552848678048,True,1,34.666666666666664,True,0.03234043641512,0.0421625934324348,2.03,3.964857659740295,False,1.0187755102040823,False,36.17142857142857,0.0089531680440771,False,False,1.0931260695949805,-0.0326530612244897,False,False,0.0014512471655328
80,True,-0.2370149644775303,34.4,False,False,False,1.0965359144167093,False,34.99253057235784,False,False,68.14463593849428,0.8509683800485691,0.9248032195918366,5.514285714285714,-16.680816326530614,2.5308552848678048,True,1,34.666666666666664,True,0.03234043641512,0.0421625934324348,14.8,3.964857659740295,False,1.0187755102040823,False,36.17142857142857,0.0089531680440771,False,False,1.0931260695949805,-0.0326530612244897,False,False,0.0014512471655328
81,False,-0.2370149644775303,34.4,False,False,False,1.0965359144167093,False,34.99253057235784,False,True,68.14463593849428,0.8509683800485691,0.9248032195918366,5.514285714285714,-16.680816326530614,2.5308552848678048,True,1,34.666666666666664,True,0.03234043641512,0.0421625934324348,2.03,3.964857659740295,False,1.0187755102040823,False,36.17142857142857,0.0089531680440771,False,False,1.0931260695949805,-0.0326530612244897,False,False,0.0014512471655328
82,False,-0.2370149644775303,34.4,False,False,False,1.0965359144167093,False,34.99253057235784,False,True,68.14463593849428,0.8509683800485691,0.9248032195918366,5.514285714285714,-16.680816326530614,2.5308552848678048,True,1,34.666666666666664,True,0.03234043641512,0.0421625934324348,14.8,3.964857659740295,False,1.0187755102040823,False,36.17142857142857,0.0089531680440771,False,False,1.0931260695949805,-0.0326530612244897,False,False,0.0014512471655328
83,False,-0.2370149644775303,34.4,False,False,False,1.0965359144167093,False,34.99253057235784,False,False,68.14463593849428,0.8509683800485691,0.9248032195918366,5.514285714285714,-16.680816326530614,2.5308552848678048,True,1,34.666666666666664,True,0.03234043641512,0.0421625934324348,2.03,3.964857659740295,False,1.0187755102040823,True,36.17142857142857,0.0089531680440771,False,False,1.0931260695949805,-0.0326530612244897,False,False,0.0014512471655328
84,False,-0.2370149644775303,34.4,False,False,False,1.0965359144167093,False,34.99253057235784,False,False,68.14463593849428,0.8509683800485691,0.9248032195918366,5.514285714285714,-16.680816326530614,2.5308552848678048,True,1,34.666666666666664,True,0.03234043641512,0.0421625934324348,14.8,3.964857659740295,False,1.0187755102040823,True,36.17142857142857,0.0089531680440771,False,False,1.0931260695949805,-0.0326530612244897,False,False,0.0014512471655328
85,False,-0.2370149644775303,34.4,False,False,True,1.0965359144167093,False,34.99253057235784,False,False,68.14463593849428,0.8509683800485691,0.9248032195918366,5.514285714285714,-16.680816326530614,2.5308552848678048,True,1,34.666666666666664,True,0.03234043641512,0.0421625934324348,2.03,3.964857659740295,False,1.0187755102040823,False,36.17142857142857,0.0089531680440771,False,False,1.0931260695949805,-0.0326530612244897,False,False,0.0014512471655328
86,False,-0.2370149644775303,34.4,False,False,True,1.0965359144167093,False,34.99253057235784,False,False,68.14463593849428,0.8509683800485691,0.9248032195918366,5.514285714285714,-16.680816326530614,2.5308552848678048,True,1,34.666666666666664,True,0.03234043641512,0.0421625934324348,14.8,3.964857659740295,False,1.0187755102040823,False,36.17142857142857,0.0089531680440771,False,False,1.0931260695949805,-0.0326530612244897,False,False,0.0014512471655328
87,False,-0.2370149644775303,34.4,False,False,False,1.0965359144167093,False,34.99253057235784,True,False,68.14463593849428,0.8509683800485691,0.9248032195918366,5.514285714285714,-16.680816326530614,2.5308552848678048,True,1,34.666666666666664,True,0.03234043641512,0.0421625934324348,2.03,3.964857659740295,False,1.0187755102040823,False,36.17142857142857,0.0089531680440771,False,False,1.0931260695949805,-0.0326530612244897,False,False,0.0014512471655328
88,False,-0.2370149644775303,34.4,False,False,False,1.0965359144167093,False,34.99253057235784,True,False,68.14463593849428,0.8509683800485691,0.9248032195918366,5.514285714285714,-16.680816326530614,2.5308552848678048,True,1,34.666666666666664,True,0.03234043641512,0.0421625934324348,14.8,3.964857659740295,False,1.0187755102040823,False,36.17142857142857,0.0089531680440771,False,False,1.0931260695949805,-0.0326530612244897,False,False,0.0014512471655328
89,True,-0.2388416975147402,34.666666666666664,False,False,False,1.1156583629893235,False,38.14682709572399,False,False,67.67763800756036,0.8281794779753038,0.9130224709141272,5.552631578947368,-16.781163434903025,2.5221746531252935,True,1,34.857142857142854,True,0.0323404316020281,0.0353595978249718,1.79,3.860320777833043,False,1.063711911357335,False,36.31578947368421,0.0095166541447533,False,False,1.1146039603960396,-0.0244690674053554,False,False,0.0042210790133227
90,True,-0.2388416975147402,34.666666666666664,False,False,False,1.1156583629893235,False,38.14682709572399,False,False,67.67763800756036,0.8281794779753038,0.9130224709141272,5.552631578947368,-16.781163434903025,2.5221746531252935,True,1,34.857142857142854,True,0.0323404316020281,0.0353595978249718,11.6,3.860320777833043,False,1.063711911357335,False,36.31578947368421,0.0095166541447533,False,False,1.1146039603960396,-0.0244690674053554,False,False,0.0042210790133227
91,False,-0.2388416975147402,34.666666666666664,False,False,False,1.1156583629893235,False,38.14682709572399,False,True,67.67763800756036,0.8281794779753038,0.9130224709141272,5.552631578947368,-16.781163434903025,2.5221746531252935,True,1,34.857142857142854,True,0.0323404316020281,0.0353595978249718,1.79,3.860320777833043,False,1.063711911357335,False,36.31578947368421,0.0095166541447533,False,False,1.1146039603960396,-0.0244690674053554,False,False,0.0042210790133227
92,False,-0.2388416975147402,34.666666666666664,False,False,False,1.1156583629893235,False,38.14682709572399,False,True,67.67763800756036,0.8281794779753038,0.9130224709141272,5.552631578947368,-16.781163434903025,2.5221746531252935,True,1,34.857142857142854,True,0.0323404316020281,0.0353595978249718,11.6,3.860320777833043,False,1.063711911357335,False,36.31578947368421,0.0095166541447533,False,False,1.1146039603960396,-0.0244690674053554,False,False,0.0042210790133227
93,False,-0.2388416975147402,34.666666666666664,False,False,False,1.1156583629893235,False,38.14682709572399,False,False,67.67763800756036,0.8281794779753038,0.9130224709141272,5.552631578947368,-16.781163434903025,2.5221746531252935,True,1,34.857142857142854,True,0.0323404316020281,0.0353595978249718,1.79,3.860320777833043,False,1.063711911357335,True,36.31578947368421,0.0095166541447533,False,False,1.1146039603960396,-0.0244690674053554,False,False,0.0042210790133227
94,False,-0.2388416975147402,34.666666666666664,False,False,False,1.1156583629893235,False,38.14682709572399,False,False,67.67763800756036,0.8281794779753038,0.9130224709141272,5.552631578947368,-16.781163434903025,2.5221746531252935,True,1,34.857142857142854,True,0.0323404316020281,0.0353595978249718,11.6,3.860320777833043,False,1.063711911357335,True,36.31578947368421,0.0095166541447533,False,False,1.1146039603960396,-0.0244690674053554,False,False,0.0042210790133227
95,False,-0.2388416975147402,34.666666666666664,False,False,True,1.1156583629893235,False,38.14682709572399,False,False,67.67763800756036,0.8281794779753038,0.9130224709141272,5.552631578947368,-16.781163434903025,2.5221746531252935,True,1,34.857142857142854,True,0.0323404316020281,0.0353595978249718,1.79,3.860320777833043,False,1.063711911357335,False,36.31578947368421,0.0095166541447533,False,False,1.1146039603960396,-0.0244690674053554,False,False,0.0042210790133227
96,False,-0.2388416975147402,34.666666666666664,False,False,True,1.1156583629893235,False,38.14682709572399,False,False,67.67763800756036,0.8281794779753038,0.9130224709141272,5.552631578947368,-16.781163434903025,2.5221746531252935,True,1,34.857142857142854,True,0.0323404316020281,0.0353595978249718,11.6,3.860320777833043,False,1.063711911357335,False,36.31578947368421,0.0095166541447533,False,False,1.1146039603960396,-0.0244690674053554,False,False,0.0042210790133227
97,False,-0.2388416975147402,34.666666666666664,False,False,False,1.1156583629893235,False,38.14682709572399,True,False,67.67763800756036,0.8281794779753038,0.9130224709141272,5.552631578947368,-16.781163434903025,2.5221746531252935,True,1,34.857142857142854,True,0.0323404316020281,0.0353595978249718,1.79,3.860320777833043,False,1.063711911357335,False,36.31578947368421,0.0095166541447533,False,False,1.1146039603960396,-0.0244690674053554,False,False,0.0042210790133227
98,False,-0.2388416975147402,34.666666666666664,False,False,False,1.1156583629893235,False,38.14682709572399,True,False,67.67763800756036,0.8281794779753038,0.9130224709141272,5.552631578947368,-16.781163434903025,2.5221746531252935,True,1,34.857142857142854,True,0.0323404316020281,0.0353595978249718,11.6,3.860320777833043,False,1.063711911357335,False,36.31578947368421,0.0095166541447533,False,False,1.1146039603960396,-0.0244690674053554,False,False,0.0042210790133227
99,True,-0.2402858033825709,34.857142857142854,False,False,False,1.1330850646805175,False,41.30112361909083,False,False,66.38208721826251,0.7962534715364278,0.9027599238548392,5.585365853658536,-16.86734086853065,2.488841567080963,True,1,35.0,True,0.0323404314817486,0.0300872095934559,0.73,3.7532974311835146,False,1.0850684116597316,False,36.4390243902439,0.0098386462022825,False,False,1.133947939262473,-0.0190362879238548,False,False,0.0055522506444577
100,True,-0.2402858033825709,34.857142857142854,False,False,False,1.1330850646805175,False,41.30112361909083,False,False,66.38208721826251,0.7962534715364278,0.9027599238548392,5.585365853658536,-16.86734086853065,2.488841567080963,True,1,35.0,True,0.0323404314817486,0.0300872095934559,8.87,3.7532974311835146,False,1.0850684116597316,False,36.4390243902439,0.0098386462022825,False,False,1.133947939262473,-0.0190362879238548,False,False,0.0055522506444577
101,False,-0.2402858033825709,34.857142857142854,False,False,False,1.1330850646805175,False,41.30112361909083,False,True,66.38208721826251,0.7962534715364278,0.9027599238548392,5.585365853658536,-16.86734086853065,2.488841567080963,True,1,35.0,True,0.0323404314817486,0.0300872095934559,0.73,3.7532974311835146,False,1.0850684116597316,False,36.4390243902439,0.0098386462022825,False,False,1.133947939262473,-0.0190362879238548,False,False,0.0055522506444577
102,False,-0.2402858033825709,34.857142857142854,False,False,False,1.1330850646805175,False,41.30112361909083,False,True,66.38208721826251,0.7962534715364278,0.9027599238548392,5.585365853658536,-16.86734086853065,2.488841567080963,True,1,35.0,True,0.0323404314817486,0.0300872095934559,8.87,3.7532974311835146,False,1.0850684116597316,False,36.4390243902439,0.0098386462022825,False,False,1.133947939262473,-0.0190362879238548,False,False,0.0055522506444577
103,False,-0.2402858033825709,34.857142857142854,False,False,False,1.1330850646805175,False,41.30112361909083,False,False,66.38208721826251,0.7962534715364278,0.9027599238548392,5.585365853658536,-16.86734086853065,2.488841567080963,True,1,35.0,True,0.0323404314817486,0.0300872095934559,0.73,3.7532974311835146,False,1.0850684116597316,True,36.4390243902439,0.0098386462022825,False,False,1.133947939262473,-0.0190362879238548,False,False,0.0055522506444577
104,False,-0.2402858033825709,34.857142857142854,False,False,False,1.1330850646805175,False,41.30112361909083,False,False,66.38208721826251,0.7962534715364278,0.9027599238548392,5.585365853658536,-16.86734086853065,2.488841567080963,True,1,35.0,True,0.0323404314817486,0.0300872095934559,8.87,3.7532974311835146,False,1.0850684116597316,True,36.4390243902439,0.0098386462022825,False,False,1.133947939262473,-0.0190362879238548,False,False,0.0055522506444577
105,False,-0.2402858033825709,34.857142857142854,False,False,True,1.1330850646805175,False,41.30112361909083,False,False,66.38208721826251,0.7962534715364278,0.9027599238548392,5.585365853658536,-16.86734086853065,2.488841567080963,True,1,35.0,True,0.0323404314817486,0.0300872095934559,0.73,3.7532974311835146,False,1.0850684116597316,False,36.4390243902439,0.0098386462022825,False,False,1.133947939262473,-0.0190362879238548,False,False,0.0055522506444577
106,False,-0.2402858033825709,34.857142857142854,False,False,True,1.1330850646805175,False,41.30112361909083,False,False,66.38208721826251,0.7962534715364278,0.9027599238548392,5.585365853658536,-16.86734086853065,2.488841567080963,True,1,35.0,True,0.0323404314817486,0.0300872095934559,8.87,3.7532974311835146,False,1.0850684116597316,False,36.4390243902439,0.0098386462022825,False,False,1.133947939262473,-0.0190362879238548,False,False,0.0055522506444577
107,False,-0.2402858033825709,34.857142857142854,False,False,False,1.1330850646805175,False,41.30112361909083,True,False,66.38208721826251,0.7962534715364278,0.9027599238548392,5.585365853658536,-16.86734086853065,2.488841567080963,True,1,35.0,True,0.0323404314817486,0.0300872095934559,0.73,3.7532974311835146,False,1.0850684116597316,False,36.4390243902439,0.0098386462022825,False,False,1.133947939262473,-0.0190362879238548,False,False,0.0055522506444577
108,False,-0.2402858033825709,34.857142857142854,False,False,False,1.1330850646805175,False,41.30112361909083,True,False,66.38208721826251,0.7962534715364278,0.9027599238548392,5.585365853658536,-16.86734086853065,2.488841567080963,True,1,35.0,True,0.0323404314817486,0.0300872095934559,8.87,3.7532974311835146,False,1.0850684116597316,False,36.4390243902439,0.0098386462022825,False,False,1.133947939262473,-0.0190362879238548,False,False,0.0055522506444577
109,True,-0.2414488202024519,35.0,False,False,False,1.149025069637883,False,44.45542014245762,False,False,64.86583339630268,0.7638404844548783,0.8937442644628077,5.613636363636363,-16.94214876033056,2.4408394366802613,True,1,35.111111111111114,True,0.0323404314797127,0.0259165199979596,0.15,3.648806689423507,False,1.090909090909087,False,36.54545454545455,0.0100469940042132,False,False,1.151457055214724,-0.0152376033057851,False,False,0.0061218243036424
112,False,-0.2414488202024519,35.0,False,False,False,1.149025069637883,False,44.45542014245762,False,True,64.86583339630268,0.7638404844548783,0.8937442644628077,5.613636363636363,-16.94214876033056,2.4408394366802613,True,1,35.111111111111114,True,0.0323404314797127,0.0259165199979596,3.0,3.648806689423507,False,1.090909090909087,False,36.54545454545455,0.0100469940042132,False,False,1.151457055214724,-0.0152376033057851,False,False,0.0061218243036424
113,False,-0.2414488202024519,35.0,False,False,False,1.149025069637883,False,44.45542014245762,False,False,64.86583339630268,0.7638404844548783,0.8937442644628077,5.613636363636363,-16.94214876033056,2.4408394366802613,True,1,35.111111111111114,True,0.0323404314797127,0.0259165199979596,0.15,3.648806689423507,False,1.090909090909087,True,36.54545454545455,0.0100469940042132,False,False,1.151457055214724,-0.0152376033057851,False,False,0.0061218243036424
115,False,-0.2414488202024519,35.0,False,False,True,1.149025069637883,False,44.45542014245762,False,False,64.86583339630268,0.7638404844548783,0.8937442644628077,5.613636363636363,-16.94214876033056,2.4408394366802613,True,1,35.111111111111114,True,0.0323404314797127,0.0259165199979596,0.15,3.648806689423507,False,1.090909090909087,False,36.54545454545455,0.0100469940042132,False,False,1.151457055214724,-0.0152376033057851,False,False,0.0061218243036424
117,False,-0.2414488202024519,35.0,False,False,False,1.149025069637883,False,44.45542014245762,True,False,64.86583339630268,0.7638404844548783,0.8937442644628077,5.613636363636363,-16.94214876033056,2.4408394366802613,True,1,35.111111111111114,True,0.0323404314797127,0.0259165199979596,0.15,3.648806689423507,False,1.090909090909087,False,36.54545454545455,0.0100469940042132,False,False,1.151457055214724,-0.0152376033057851,False,False,0.0061218243036424
120,True,-0.1532179943326688,22.4,False,False,False,1.2132997370727434,False,22.98041837751344,False,False,61.73362029043649,0.8384541920702909,1.5809789840000008,5.2,-23.6576,-32.790103220660875,True,1,24.73611111111111,True,-0.0928360285329488,0.496467792491764,4.39,3.8936606896881862,False,-9.10909629629628,False,32.772345679012346,0.0,False,False,0.9761646530142588,0.3696000000000001,False,False,-1.2183382716049385
121,False,-0.1532179943326688,22.4,False,False,False,1.2132997370727434,False,22.98041837751344,False,True,61.73362029043649,0.8384541920702909,1.5809789840000008,5.2,-23.6576,-32.790103220660875,True,1,24.73611111111111,True,-0.0928360285329488,0.496467792491764,4.52,3.8936606896881862,False,-9.10909629629628,False,32.772345679012346,0.0,False,False,0.9761646530142588,0.3696000000000001,False,False,-1.2183382716049385
123,False,-0.1532179943326688,22.4,False,False,False,1.2132997370727434,False,22.98041837751344,False,False,61.73362029043649,0.8384541920702909,1.5809789840000008,5.2,-23.6576,-32.790103220660875,True,1,24.73611111111111,True,-0.0928360285329488,0.496467792491764,4.52,3.8936606896881862,False,-9.10909629629628,True,32.772345679012346,0.0,False,False,0.9761646530142588,0.3696000000000001,False,False,-1.2183382716049385
125,False,-0.1532179943326688,22.4,False,False,True,1.2132997370727434,False,22.98041837751344,False,False,61.73362029043649,0.8384541920702909,1.5809789840000008,5.2,-23.6576,-32.790103220660875,True,1,24.73611111111111,True,-0.0928360285329488,0.496467792491764,4.52,3.8936606896881862,False,-9.10909629629628,False,32.772345679012346,0.0,False,False,0.9761646530142588,0.3696000000000001,False,False,-1.2183382716049385
128,False,-0.1532179943326688,22.4,False,False,False,1.2132997370727434,False,22.98041837751344,True,False,61.73362029043649,0.8384541920702909,1.5809789840000008,5.2,-23.6576,-32.790103220660875,True,1,24.73611111111111,True,-0.0928360285329488,0.496467792491764,4.39,3.8936606896881862,False,-9.10909629629628,False,32.772345679012346,0.0,False,False,0.9761646530142588,0.3696000000000001,False,False,-1.2183382716049385
130,True,-0.1780196456116057,28.12121212121212,False,False,False,1.2292218543046356,False,29.28901143264356,False,False,67.32199756374393,0.851836991690641,1.5619872226847047,5.354838709677419,-25.263267429760663,0.8095914699807292,True,1,29.80952380952381,True,-0.09309283940295,0.3696257139066572,6.46,4.091135423220312,False,-4.542336300921106,False,33.78414974113898,0.0,False,False,1.0023880605406377,-0.0771923186075111,False,False,-0.2598667246603424
132,False,-0.1780196456116057,28.12121212121212,False,False,False,1.2292218543046356,False,29.28901143264356,False,True,67.32199756374393,0.851836991690641,1.5619872226847047,5.354838709677419,-25.263267429760663,0.8095914699807292,True,1,29.80952380952381,True,-0.09309283940295,0.3696257139066572,6.46,4.091135423220312,False,-4.542336300921106,False,33.78414974113898,0.0,False,False,1.0023880605406377,-0.0771923186075111,False,False,-0.2598667246603424
134,False,-0.1780196456116057,28.12121212121212,False,False,False,1.2292218543046356,False,29.28901143264356,False,False,67.32199756374393,0.851836991690641,1.5619872226847047,5.354838709677419,-25.263267429760663,0.8095914699807292,True,1,29.80952380952381,True,-0.09309283940295,0.3696257139066572,6.46,4.091135423220312,False,-4.542336300921106,True,33.78414974113898,0.0,False,False,1.0023880605406377,-0.0771923186075111,False,False,-0.2598667246603424
135,False,-0.1780196456116057,28.12121212121212,False,False,True,1.2292218543046356,False,29.28901143264356,False,False,67.32199756374393,0.851836991690641,1.5619872226847047,5.354838709677419,-25.263267429760663,0.8095914699807292,True,1,29.80952380952381,True,-0.09309283940295,0.3696257139066572,1.61,4.091135423220312,False,-4.542336300921106,False,33.78414974113898,0.0,False,False,1.0023880605406377,-0.0771923186075111,False,False,-0.2598667246603424
137,False,-0.1780196456116057,28.12121212121212,False,False,False,1.2292218543046356,False,29.28901143264356,True,False,67.32199756374393,0.851836991690641,1.5619872226847047,5.354838709677419,-25.263267429760663,0.8095914699807292,True,1,29.80952380952381,True,-0.09309283940295,0.3696257139066572,1.61,4.091135423220312,False,-4.542336300921106,False,33.78414974113898,0.0,False,False,1.0023880605406377,-0.0771923186075111,False,False,-0.2598667246603424
139,True,-0.1930261530873075,30.90196078431373,False,False,False,1.2437989556135771,False,35.597604479450176,False,False,69.82851855530753,0.8404413827334851,1.5432279744338928,5.45945945945946,-26.350620891161434,1.8236681499279657,True,1,31.666666666666668,True,-0.0930956957822039,0.2923396332178376,0.66,3.999861811516424,False,-2.2185428671914975,False,34.4678011344678,0.0091827364554637,False,False,1.0293264731387752,-0.0391870407768658,False,False,-0.111525940354769
141,False,-0.1930261530873075,30.90196078431373,False,False,False,1.2437989556135771,False,35.597604479450176,False,True,69.82851855530753,0.8404413827334851,1.5432279744338928,5.45945945945946,-26.350620891161434,1.8236681499279657,True,1,31.666666666666668,True,-0.0930956957822039,0.2923396332178376,0.66,3.999861811516424,False,-2.2185428671914975,False,34.4678011344678,0.0091827364554637,False,False,1.0293264731387752,-0.0391870407768658,False,False,-0.111525940354769
143,False,-0.1930261530873075,30.90196078431373,False,False,False,1.2437989556135771,False,35.597604479450176,False,False,69.82851855530753,0.8404413827334851,1.5432279744338928,5.45945945945946,-26.350620891161434,1.8236681499279657,True,1,31.666666666666668,True,-0.0930956957822039,0.2923396332178376,0.66,3.999861811516424,False,-2.2185428671914975,True,34.4678011344678,0.0091827364554637,False,False,1.0293264731387752,-0.0391870407768658,False,False,-0.111525940354769
146,False,-0.1930261530873075,30.90196078431373,False,False,True,1.2437989556135771,False,35.597604479450176,False,False,69.82851855530753,0.8404413827334851,1.5432279744338928,5.45945945945946,-26.350620891161434,1.8236681499279657,True,1,31.666666666666668,True,-0.0930956957822039,0.2923396332178376,4.179,3.999861811516424,False,-2.2185428671914975,False,34.4678011344678,0.0091827364554637,False,False,1.0293264731387752,-0.0391870407768658,False,False,-0.111525940354769
148,False,-0.1930261530873075,30.90196078431373,False,False,False,1.2437989556135771,False,35.597604479450176,True,False,69.82851855530753,0.8404413827334851,1.5432279744338928,5.45945945945946,-26.350620891161434,1.8236681499279657,True,1,31.666666666666668,True,-0.0930956957822039,0.2923396332178376,4.179,3.999861811516424,False,-2.2185428671914975,False,34.4678011344678,0.0091827364554637,False,False,1.0293264731387752,-0.0391870407768658,False,False,-0.111525940354769
150,True,-0.1946461472866196,32.608695652173914,False,False,False,1.5793628808864266,False,41.9061975261844,False,False,61.59580153104412,0.7019137655822925,1.5907275867346926,5.642857142857143,-37.57369614512473,-95.13599666784576,True,1,31.37606837606837,True,0.0972805521370255,-0.0011006802634684,5.11,3.7849418274376423,False,-8.155034853447559,False,36.364491475602584,0.0099173553719008,False,False,1.2029563824984884,-0.0197426796805678,False,False,-0.3837798493883151
152,False,-0.1946461472866196,32.608695652173914,False,False,False,1.5793628808864266,False,41.9061975261844,False,True,61.59580153104412,0.7019137655822925,1.5907275867346926,5.642857142857143,-37.57369614512473,-95.13599666784576,True,1,31.37606837606837,True,0.0972805521370255,-0.0011006802634684,5.11,3.7849418274376423,False,-8.155034853447559,False,36.364491475602584,0.0099173553719008,False,False,1.2029563824984884,-0.0197426796805678,False,False,-0.3837798493883151
153,False,-0.1946461472866196,32.608695652173914,False,False,False,1.5793628808864266,False,41.9061975261844,False,False,61.59580153104412,0.7019137655822925,1.5907275867346926,5.642857142857143,-37.57369614512473,-95.13599666784576,True,1,31.37606837606837,True,0.0972805521370255,-0.0011006802634684,0.22,3.7849418274376423,False,-8.155034853447559,True,36.364491475602584,0.0099173553719008,False,False,1.2029563824984884,-0.0197426796805678,False,False,-0.3837798493883151
155,False,-0.1946461472866196,32.608695652173914,False,False,True,1.5793628808864266,False,41.9061975261844,False,False,61.59580153104412,0.7019137655822925,1.5907275867346926,5.642857142857143,-37.57369614512473,-95.13599666784576,True,1,31.37606837606837,True,0.0972805521370255,-0.0011006802634684,0.22,3.7849418274376423,False,-8.155034853447559,False,36.364491475602584,0.0099173553719008,False,False,1.2029563824984884,-0.0197426796805678,False,False,-0.3837798493883151
157,False,-0.1946461472866196,32.608695652173914,False,False,False,1.5793628808864266,False,41.9061975261844,True,False,61.59580153104412,0.7019137655822925,1.5907275867346926,5.642857142857143,-37.57369614512473,-95.13599666784576,True,1,31.37606837606837,True,0.0972805521370255,-0.0011006802634684,0.22,3.7849418274376423,False,-8.155034853447559,False,36.364491475602584,0.0099173553719008,False,False,1.2029563824984884,-0.0197426796805678,False,False,-0.3837798493883151
160,True,-0.2023566705308467,32.701149425287355,False,False,False,1.5740824648844585,False,48.214790572917984,False,False,71.93596890148369,0.7929343937807727,1.5909654414062504,5.6875,-37.37673611111114,-48.23697083265779,True,1,32.35069444444444,True,0.097148327960479,-0.0006364581253557,0.057,4.095175521464345,False,-6.9327417695473255,False,36.568930041152264,0.0102321920503738,False,False,1.2240642040517518,-0.0133351293103448,False,False,-0.1887324245541838
162,False,-0.2023566705308467,32.701149425287355,False,False,False,1.5740824648844585,False,48.214790572917984,False,True,71.93596890148369,0.7929343937807727,1.5909654414062504,5.6875,-37.37673611111114,-48.23697083265779,True,1,32.35069444444444,True,0.097148327960479,-0.0006364581253557,0.057,4.095175521464345,False,-6.9327417695473255,False,36.568930041152264,0.0102321920503738,False,False,1.2240642040517518,-0.0133351293103448,False,False,-0.1887324245541838
164,False,-0.2023566705308467,32.701149425287355,False,False,False,1.5740824648844585,False,48.214790572917984,False,False,71.93596890148369,0.7929343937807727,1.5909654414062504,5.6875,-37.37673611111114,-48.23697083265779,True,1,32.35069444444444,True,0.097148327960479,-0.0006364581253557,0.057,4.095175521464345,False,-6.9327417695473255,True,36.568930041152264,0.0102321920503738,False,False,1.2240642040517518,-0.0133351293103448,False,False,-0.1887324245541838
166,False,-0.2023566705308467,32.701149425287355,False,False,True,1.5740824648844585,False,48.214790572917984,False,False,71.93596890148369,0.7929343937807727,1.5909654414062504,5.6875,-37.37673611111114,-48.23697083265779,True,1,32.35069444444444,True,0.097148327960479,-0.0006364581253557,0.057,4.095175521464345,False,-6.9327417695473255,False,36.568930041152264,0.0102321920503738,False,False,1.2240642040517518,-0.0133351293103448,False,False,-0.1887324245541838
167,False,-0.2023566705308467,32.701149425287355,False,False,False,1.5740824648844585,False,48.214790572917984,True,False,71.93596890148369,0.7929343937807727,1.5909654414062504,5.6875,-37.37673611111114,-48.23697083265779,True,1,32.35069444444444,True,0.097148327960479,-0.0006364581253557,0.000506,4.095175521464345,False,-6.9327417695473255,False,36.568930041152264,0.0102321920503738,False,False,1.2240642040517518,-0.0133351293103448,False,False,-0.1887324245541838
170,True,-0.208191021346408,32.76190476190476,False,False,False,1.5694706994328922,False,54.52338361965154,False,False,67.42030095406363,0.7184043322550103,1.5909373425925897,5.722222222222222,-37.22359396433475,-1.3646736330447635,True,1,33.01754385964912,True,0.0970161037841281,-0.0003815249776774,0.00237,3.986187965046303,False,-6.0221510948534265,False,36.72793781435757,0.0104071013161922,False,False,1.2425250383799988,-0.0096119929453262,False,False,-0.0587326671604582
172,False,-0.208191021346408,32.76190476190476,False,False,False,1.5694706994328922,False,54.52338361965154,False,True,67.42030095406363,0.7184043322550103,1.5909373425925897,5.722222222222222,-37.22359396433475,-1.3646736330447635,True,1,33.01754385964912,True,0.0970161037841281,-0.0003815249776774,0.00237,3.986187965046303,False,-6.0221510948534265,False,36.72793781435757,0.0104071013161922,False,False,1.2425250383799988,-0.0096119929453262,False,False,-0.0587326671604582
174,False,-0.208191021346408,32.76190476190476,False,False,False,1.5694706994328922,False,54.52338361965154,False,False,67.42030095406363,0.7184043322550103,1.5909373425925897,5.722222222222222,-37.22359396433475,-1.3646736330447635,True,1,33.01754385964912,True,0.0970161037841281,-0.0003815249776774,0.00237,3.986187965046303,False,-6.0221510948534265,True,36.72793781435757,0.0104071013161922,False,False,1.2425250383799988,-0.0096119929453262,False,False,-0.0587326671604582
175,False,-0.208191021346408,32.76190476190476,False,False,True,1.5694706994328922,False,54.52338361965154,False,False,67.42030095406363,0.7184043322550103,1.5909373425925897,5.722222222222222,-37.22359396433475,-1.3646736330447635,True,1,33.01754385964912,True,0.0970161037841281,-0.0003815249776774,3.72e-05,3.986187965046303,False,-6.0221510948534265,False,36.72793781435757,0.0104071013161922,False,False,1.2425250383799988,-0.0096119929453262,False,False,-0.0587326671604582
177,False,-0.208191021346408,32.76190476190476,False,False,False,1.5694706994328922,False,54.52338361965154,True,False,67.42030095406363,0.7184043322550103,1.5909373425925897,5.722222222222222,-37.22359396433475,-1.3646736330447635,True,1,33.01754385964912,True,0.0970161037841281,-0.0003815249776774,3.72e-05,3.986187965046303,False,-6.0221510948534265,False,36.72793781435757,0.0104071013161922,False,False,1.2425250383799988,-0.0096119929453262,False,False,-0.0587326671604582
180,True,-0.2081910213464085,33.266666666666666,False,False,False,1.569470699432892,False,54.52338361965157,False,False,74.31118984295253,0.7956333735312059,1.5909373425925903,5.722222222222222,-37.223593964334746,-47.99841477632973,True,1,32.92690058479532,True,0.0971462238444407,-0.0003815249776775,0.00208,4.097299076157414,False,-6.022151094853428,False,36.72793781435757,0.0104071013161922,False,False,1.2425250383799988,-0.0096119929453262,False,False,-0.1493759420142594
181,False,-0.2081910213464085,33.266666666666666,False,False,False,1.569470699432892,False,54.52338361965157,False,True,74.31118984295253,0.7956333735312059,1.5909373425925903,5.722222222222222,-37.223593964334746,-47.99841477632973,True,1,32.92690058479532,True,0.0971462238444407,-0.0003815249776775,2.64e-05,4.097299076157414,False,-6.022151094853428,False,36.72793781435757,0.0104071013161922,False,False,1.2425250383799988,-0.0096119929453262,False,False,-0.1493759420142594
184,False,-0.2081910213464085,33.266666666666666,False,False,False,1.569470699432892,False,54.52338361965157,False,False,74.31118984295253,0.7956333735312059,1.5909373425925903,5.722222222222222,-37.223593964334746,-47.99841477632973,True,1,32.92690058479532,True,0.0971462238444407,-0.0003815249776775,0.00208,4.097299076157414,False,-6.022151094853428,True,36.72793781435757,0.0104071013161922,False,False,1.2425250383799988,-0.0096119929453262,False,False,-0.1493759420142594
186,False,-0.2081910213464085,33.266666666666666,False,False,True,1.569470699432892,False,54.52338361965157,False,False,74.31118984295253,0.7956333735312059,1.5909373425925903,5.722222222222222,-37.223593964334746,-47.99841477632973,True,1,32.92690058479532,True,0.0971462238444407,-0.0003815249776775,0.00208,4.097299076157414,False,-6.022151094853428,False,36.72793781435757,0.0104071013161922,False,False,1.2425250383799988,-0.0096119929453262,False,False,-0.1493759420142594
187,False,-0.2081910213464085,33.266666666666666,False,False,False,1.569470699432892,False,54.52338361965157,True,False,74.31118984295253,0.7956333735312059,1.5909373425925903,5.722222222222222,-37.223593964334746,-47.99841477632973,True,1,32.92690058479532,True,0.0971462238444407,-0.0003815249776775,2.64e-05,4.097299076157414,False,-6.022151094853428,False,36.72793781435757,0.0104071013161922,False,False,1.2425250383799988,-0.0096119929453262,False,False,-0.1493759420142594
189,True,-0.21275763825575,33.235772357723576,False,False,False,1.5654055787111254,False,60.83197666638512,False,False,71.07746956847141,0.7417993626168284,1.590780612499999,5.75,-37.10111111111112,-1.1639200757966943,True,1,33.42424242424242,True,0.0970139996680899,-0.000232993407378,1e-05,3.964735178725504,False,-5.318930041152257,False,36.85514403292181,0.010518407212622,False,False,1.2587624934678527,-0.0072560975609756,False,False,-0.0444269859084673
191,False,-0.21275763825575,33.235772357723576,False,False,False,1.5654055787111254,False,60.83197666638512,False,True,71.07746956847141,0.7417993626168284,1.590780612499999,5.75,-37.10111111111112,-1.1639200757966943,True,1,33.42424242424242,True,0.0970139996680899,-0.000232993407378,1e-05,3.964735178725504,False,-5.318930041152257,False,36.85514403292181,0.010518407212622,False,False,1.2587624934678527,-0.0072560975609756,False,False,-0.0444269859084673
193,False,-0.21275763825575,33.235772357723576,False,False,False,1.5654055787111254,False,60.83197666638512,False,False,71.07746956847141,0.7417993626168284,1.590780612499999,5.75,-37.10111111111112,-1.1639200757966943,True,1,33.42424242424242,True,0.0970139996680899,-0.000232993407378,1e-05,3.964735178725504,False,-5.318930041152257,True,36.85514403292181,0.010518407212622,False,False,1.2587624934678527,-0.0072560975609756,False,False,-0.0444269859084673
196,False,-0.21275763825575,33.235772357723576,False,False,True,1.5654055787111254,False,60.83197666638512,False,False,71.07746956847141,0.7417993626168284,1.590780612499999,5.75,-37.10111111111112,-1.1639200757966943,True,1,33.42424242424242,True,0.0970139996680899,-0.000232993407378,0.00335,3.964735178725504,False,-5.318930041152257,False,36.85514403292181,0.010518407212622,False,False,1.2587624934678527,-0.0072560975609756,False,False,-0.0444269859084673
198,False,-0.21275763825575,33.235772357723576,False,False,False,1.5654055787111254,False,60.83197666638512,True,False,71.07746956847141,0.7417993626168284,1.590780612499999,5.75,-37.10111111111112,-1.1639200757966943,True,1,33.42424242424242,True,0.0970139996680899,-0.000232993407378,0.00335,3.964735178725504,False,-5.318930041152257,False,36.85514403292181,0.010518407212622,False,False,1.2587624934678527,-0.0072560975609756,False,False,-0.0444269859084673
199,True,-0.2127576382557503,33.666666666666664,False,False,False,1.5654055787111256,False,60.83197666638512,False,False,73.54510290180474,0.7700149972166253,1.5907806125,5.75,-37.10111111111114,-47.82364147975316,True,1,33.34595959595959,True,0.0971462188999078,-0.0002329934073779,3.35e-05,3.9980685120588375,False,-5.318930041152261,False,36.85514403292181,0.010518407212622,False,False,1.2587624934678523,-0.0072560975609756,False,False,-0.1227098141912956
202,False,-0.2127576382557503,33.666666666666664,False,False,False,1.5654055787111256,False,60.83197666638512,False,True,73.54510290180474,0.7700149972166253,1.5907806125,5.75,-37.10111111111114,-47.82364147975316,True,1,33.34595959595959,True,0.0971462188999078,-0.0002329934073779,0.00445,3.9980685120588375,False,-5.318930041152261,False,36.85514403292181,0.010518407212622,False,False,1.2587624934678523,-0.0072560975609756,False,False,-0.1227098141912956
204,False,-0.2127576382557503,33.666666666666664,False,False,False,1.5654055787111256,False,60.83197666638512,False,False,73.54510290180474,0.7700149972166253,1.5907806125,5.75,-37.10111111111114,-47.82364147975316,True,1,33.34595959595959,True,0.0971462188999078,-0.0002329934073779,0.00445,3.9980685120588375,False,-5.318930041152261,True,36.85514403292181,0.010518407212622,False,False,1.2587624934678523,-0.0072560975609756,False,False,-0.1227098141912956
205,False,-0.2127576382557503,33.666666666666664,False,False,True,1.5654055787111256,False,60.83197666638512,False,False,73.54510290180474,0.7700149972166253,1.5907806125,5.75,-37.10111111111114,-47.82364147975316,True,1,33.34595959595959,True,0.0971462188999078,-0.0002329934073779,3.35e-05,3.9980685120588375,False,-5.318930041152261,False,36.85514403292181,0.010518407212622,False,False,1.2587624934678523,-0.0072560975609756,False,False,-0.1227098141912956
208,False,-0.2127576382557503,33.666666666666664,False,False,False,1.5654055787111256,False,60.83197666638512,True,False,73.54510290180474,0.7700149972166253,1.5907806125,5.75,-37.10111111111114,-47.82364147975316,True,1,33.34595959595959,True,0.0971462188999078,-0.0002329934073779,0.00445,3.9980685120588375,False,-5.318930041152261,False,36.85514403292181,0.010518407212622,False,False,1.2587624934678523,-0.0072560975609756,False,False,-0.1227098141912956
209,False,0.0178899561418239,14.666666666666666,True,False,False,0.6258055216388548,False,0.0,True,False,65.71746095933148,0.8590085574712811,4.471724000000005,4.666666666666667,27.67999999999999,-64.15060193404307,False,0,20.166666666666668,False,-0.0801298788369625,0.0,1.08,4.215061012203069,False,-27.00444444444447,False,28.74814814814815,0.0,False,True,0.5512471693245553,0.0562962962962963,False,False,-1.865925925925926
210,False,0.0178899561418239,14.666666666666666,True,False,False,0.6258055216388548,False,0.0,True,False,65.71746095933148,0.8590085574712811,4.471724000000005,4.666666666666667,27.67999999999999,-64.15060193404307,False,0,20.166666666666668,False,-0.0801298788369625,0.0,9.32,4.215061012203069,False,-27.00444444444447,False,28.74814814814815,0.0,False,True,0.5512471693245553,0.0562962962962963,False,False,-1.865925925925926
211,False,-0.2272174214524598,32.0,False,False,False,1.026315789473684,False,25.529641001596413,True,False,62.61436610331814,0.8629024540840061,0.9733865562130164,5.346153846153846,-16.248520710059164,2.1821454120015784,False,0,33.333333333333336,False,0.0323698870675225,0.0807674044853524,47.6,4.056020968057882,False,0.5680473372781019,False,35.53846153846154,0.0,False,True,1.0117924528301885,0.0453648915187376,False,True,-0.0420775805391189
212,False,-0.2272174214524598,32.0,False,False,False,1.026315789473684,False,25.529641001596413,True,False,62.61436610331814,0.8629024540840061,0.9733865562130164,5.346153846153846,-16.248520710059164,2.1821454120015784,False,0,33.333333333333336,False,0.0323698870675225,0.0807674044853524,4.1,4.056020968057882,False,0.5680473372781019,False,35.53846153846154,0.0,False,True,1.0117924528301885,0.0453648915187376,False,True,-0.0420775805391189
214,False,-0.2370149644775303,34.4,False,False,False,1.0965359144167093,False,34.99253057235784,True,False,68.14463593849428,0.8509683800485691,0.9248032195918366,5.514285714285714,-16.680816326530614,2.5308552848678048,False,0,34.666666666666664,False,0.03234043641512,0.0421625934324348,0.0911,3.964857659740295,False,1.0187755102040823,False,36.17142857142857,0.0089531680440771,False,True,1.0931260695949805,-0.0326530612244897,False,True,0.0014512471655328
215,False,-0.2388416975147402,34.666666666666664,False,False,False,1.1156583629893235,False,38.14682709572399,True,False,67.67763800756036,0.8281794779753038,0.9130224709141272,5.552631578947368,-16.781163434903025,2.5221746531252935,False,0,34.857142857142854,False,0.0323404316020281,0.0353595978249718,0.978,3.860320777833043,False,1.063711911357335,False,36.31578947368421,0.0095166541447533,False,True,1.1146039603960396,-0.0244690674053554,False,True,0.0042210790133227
217,False,-0.2414488202024519,35.0,False,False,False,1.149025069637883,False,44.45542014245762,True,False,64.86583339630268,0.7638404844548783,0.8937442644628077,5.613636363636363,-16.94214876033056,2.4408394366802613,False,0,35.111111111111114,False,0.0323404314797127,0.0259165199979596,0.89,3.648806689423507,False,1.090909090909087,False,36.54545454545455,0.0100469940042132,False,True,1.151457055214724,-0.0152376033057851,False,True,0.0061218243036424
219,False,-0.2431899993167474,35.2,False,False,False,1.1771300448430493,False,50.76401318919118,True,False,61.72755306770664,0.7035094656132749,0.8786525055999934,5.66,-17.06560000000001,2.3235640398852415,False,0,35.27272727272727,False,0.032340431479689,0.0198169312169311,0.998,3.454555750124158,False,1.0752000000000026,False,36.72,0.0103006348065636,False,True,1.1819155446756426,-0.0103999999999999,False,True,0.0062060606060606
222,False,-0.2444155754433251,35.333333333333336,False,False,False,1.2011070110701108,False,57.07260623592475,True,False,58.75708961748301,0.6511043092725296,0.8665279183673456,5.696428571428571,-17.163265306122483,2.1978172991113727,False,0,35.38461538461539,False,0.0323404314796889,0.0156467752031369,0.0974,3.2825029912510892,False,1.0408163265306247,False,36.857142857142854,0.0104493207941483,False,True,1.2075,-0.0075467687074829,False,True,0.0057561486132915
223,False,-0.2369167910611626,31.6,False,False,False,1.5259472817133446,False,29.28901143264356,True,False,68.85867377510682,0.8590085574712811,0.8104354500000023,5.5,-20.40444444444445,1.5620397282261025,False,0,32.61538461538461,False,-0.0179769841767483,0.0597564811350816,16.0,4.081727678869736,False,-0.1762962962962868,False,35.28148148148148,0.0,False,True,1.2017549757934374,-0.06,False,True,-0.0703893637226969
224,False,-0.2369167910611626,31.6,False,False,False,1.5259472817133446,False,29.28901143264356,True,False,68.85867377510682,0.8590085574712811,0.8104354500000023,5.5,-20.40444444444445,1.5620397282261025,False,0,32.61538461538461,False,-0.0179769841767483,0.0597564811350816,1.88,4.081727678869736,False,-0.1762962962962868,False,35.28148148148148,0.0,False,True,1.2017549757934374,-0.06,False,True,-0.0703893637226969
225,False,-0.2272174214524598,32.0,True,False,False,1.026315789473684,False,25.529641001596413,True,False,62.61436610331814,0.8629024540840061,0.9733865562130164,5.346153846153846,-16.248520710059164,2.1821454120015784,False,1,33.333333333333336,False,0.0323698870675225,0.0807674044853524,1.5,4.056020968057882,False,0.5680473372781019,False,35.53846153846154,0.0,False,True,1.0117924528301885,0.0453648915187376,False,False,-0.0420775805391189
226,False,-0.2272174214524598,32.0,True,False,False,1.026315789473684,True,25.529641001596413,False,False,62.61436610331814,0.8629024540840061,0.9733865562130164,5.346153846153846,-16.248520710059164,2.1821454120015784,False,1,33.333333333333336,False,0.0323698870675225,0.0807674044853524,1.5,4.056020968057882,False,0.5680473372781019,False,35.53846153846154,0.0,False,True,1.0117924528301885,0.0453648915187376,False,False,-0.0420775805391189
227,False,-0.2272174214524598,32.0,True,False,False,1.026315789473684,False,25.529641001596413,False,True,62.61436610331814,0.8629024540840061,0.9733865562130164,5.346153846153846,-16.248520710059164,2.1821454120015784,False,1,33.333333333333336,False,0.0323698870675225,0.0807674044853524,1.5,4.056020968057882,False,0.5680473372781019,False,35.53846153846154,0.0,False,True,1.0117924528301885,0.0453648915187376,False,False,-0.0420775805391189
228,False,-0.2346529314073499,34.0,True,False,False,1.0754716981132075,False,31.838234048984397,True,False,68.00277022605931,0.8702819531114784,0.9384549999999968,5.46875,-16.5625,2.498608641419011,False,1,34.4,False,0.0323405657595662,0.0511587637442131,0.71,4.054229296672175,False,0.9375,False,36.0,0.0066115702479338,False,True,1.069148936170213,-0.0458984375,False,False,-0.0041666666666666
229,False,-0.2346529314073499,34.0,True,False,False,1.0754716981132075,True,31.838234048984397,False,False,68.00277022605931,0.8702819531114784,0.9384549999999968,5.46875,-16.5625,2.498608641419011,False,1,34.4,False,0.0323405657595662,0.0511587637442131,0.71,4.054229296672175,False,0.9375,False,36.0,0.0066115702479338,False,True,1.069148936170213,-0.0458984375,False,False,-0.0041666666666666
230,False,-0.2346529314073499,34.0,True,False,False,1.0754716981132075,False,31.838234048984397,False,True,68.00277022605931,0.8702819531114784,0.9384549999999968,5.46875,-16.5625,2.498608641419011,False,1,34.4,False,0.0323405657595662,0.0511587637442131,0.71,4.054229296672175,False,0.9375,False,36.0,0.0066115702479338,False,True,1.069148936170213,-0.0458984375,False,False,-0.0041666666666666
231,False,-0.2370149644775303,34.4,True,False,False,1.0965359144167093,False,34.99253057235784,True,False,68.14463593849428,0.8509683800485691,0.9248032195918366,5.514285714285714,-16.680816326530614,2.5308552848678048,False,1,34.666666666666664,False,0.03234043641512,0.0421625934324348,0.48,3.964857659740295,False,1.0187755102040823,False,36.17142857142857,0.0089531680440771,False,True,1.0931260695949805,-0.0326530612244897,False,False,0.0014512471655328
232,False,-0.2370149644775303,34.4,True,False,False,1.0965359144167093,True,34.99253057235784,False,False,68.14463593849428,0.8509683800485691,0.9248032195918366,5.514285714285714,-16.680816326530614,2.5308552848678048,False,1,34.666666666666664,False,0.03234043641512,0.0421625934324348,0.48,3.964857659740295,False,1.0187755102040823,False,36.17142857142857,0.0089531680440771,False,True,1.0931260695949805,-0.0326530612244897,False,False,0.0014512471655328
233,False,-0.2370149644775303,34.4,True,False,False,1.0965359144167093,False,34.99253057235784,False,True,68.14463593849428,0.8509683800485691,0.9248032195918366,5.514285714285714,-16.680816326530614,2.5308552848678048,False,1,34.666666666666664,False,0.03234043641512,0.0421625934324348,0.48,3.964857659740295,False,1.0187755102040823,False,36.17142857142857,0.0089531680440771,False,True,1.0931260695949805,-0.0326530612244897,False,False,0.0014512471655328
234,False,-0.2388416975147402,34.666666666666664,True,False,False,1.1156583629893235,False,38.14682709572399,True,False,67.67763800756036,0.8281794779753038,0.9130224709141272,5.552631578947368,-16.781163434903025,2.5221746531252935,False,1,34.857142857142854,False,0.0323404316020281,0.0353595978249718,0.2,3.860320777833043,False,1.063711911357335,False,36.31578947368421,0.0095166541447533,False,True,1.1146039603960396,-0.0244690674053554,False,False,0.0042210790133227
235,False,-0.2388416975147402,34.666666666666664,True,False,False,1.1156583629893235,True,38.14682709572399,False,False,67.67763800756036,0.8281794779753038,0.9130224709141272,5.552631578947368,-16.781163434903025,2.5221746531252935,False,1,34.857142857142854,False,0.0323404316020281,0.0353595978249718,0.2,3.860320777833043,False,1.063711911357335,False,36.31578947368421,0.0095166541447533,False,True,1.1146039603960396,-0.0244690674053554,False,False,0.0042210790133227
236,False,-0.2388416975147402,34.666666666666664,True,False,False,1.1156583629893235,False,38.14682709572399,False,True,67.67763800756036,0.8281794779753038,0.9130224709141272,5.552631578947368,-16.781163434903025,2.5221746531252935,False,1,34.857142857142854,False,0.0323404316020281,0.0353595978249718,0.2,3.860320777833043,False,1.063711911357335,False,36.31578947368421,0.0095166541447533,False,True,1.1146039603960396,-0.0244690674053554,False,False,0.0042210790133227
237,False,-0.2414488202024519,35.0,True,False,False,1.149025069637883,False,44.45542014245762,True,False,64.86583339630268,0.7638404844548783,0.8937442644628077,5.613636363636363,-16.94214876033056,2.4408394366802613,False,1,35.111111111111114,False,0.0323404314797127,0.0259165199979596,0.014,3.648806689423507,False,1.090909090909087,False,36.54545454545455,0.0100469940042132,False,True,1.151457055214724,-0.0152376033057851,False,False,0.0061218243036424
238,False,-0.2414488202024519,35.0,True,False,False,1.149025069637883,True,44.45542014245762,False,False,64.86583339630268,0.7638404844548783,0.8937442644628077,5.613636363636363,-16.94214876033056,2.4408394366802613,False,1,35.111111111111114,False,0.0323404314797127,0.0259165199979596,0.014,3.648806689423507,False,1.090909090909087,False,36.54545454545455,0.0100469940042132,False,True,1.151457055214724,-0.0152376033057851,False,False,0.0061218243036424
239,False,-0.2414488202024519,35.0,True,False,False,1.149025069637883,False,44.45542014245762,False,True,64.86583339630268,0.7638404844548783,0.8937442644628077,5.613636363636363,-16.94214876033056,2.4408394366802613,False,1,35.111111111111114,False,0.0323404314797127,0.0259165199979596,0.014,3.648806689423507,False,1.090909090909087,False,36.54545454545455,0.0100469940042132,False,True,1.151457055214724,-0.0152376033057851,False,False,0.0061218243036424
240,False,-0.2369167910611626,31.6,True,False,False,1.5259472817133446,False,29.28901143264356,True,False,68.85867377510682,0.8590085574712811,0.8104354500000023,5.5,-20.40444444444445,1.5620397282261025,False,1,32.61538461538461,False,-0.0179769841767483,0.0597564811350816,0.35,4.081727678869736,False,-0.1762962962962868,False,35.28148148148148,0.0,False,True,1.2017549757934374,-0.06,False,False,-0.0703893637226969
241,False,-0.2369167910611626,31.6,True,False,False,1.5259472817133446,True,29.28901143264356,False,False,68.85867377510682,0.8590085574712811,0.8104354500000023,5.5,-20.40444444444445,1.5620397282261025,False,1,32.61538461538461,False,-0.0179769841767483,0.0597564811350816,0.35,4.081727678869736,False,-0.1762962962962868,False,35.28148148148148,0.0,False,True,1.2017549757934374,-0.06,False,False,-0.0703893637226969
242,False,-0.2369167910611626,31.6,True,False,False,1.5259472817133446,False,29.28901143264356,False,True,68.85867377510682,0.8590085574712811,0.8104354500000023,5.5,-20.40444444444445,1.5620397282261025,False,1,32.61538461538461,False,-0.0179769841767483,0.0597564811350816,0.35,4.081727678869736,False,-0.1762962962962868,False,35.28148148148148,0.0,False,True,1.2017549757934374,-0.06,False,False,-0.0703893637226969
243,False,-0.2284405406678447,29.75,True,False,False,1.528364849833148,False,22.98041837751344,True,False,63.42446513843507,0.8477369635018085,0.8367620156250024,5.375,-21.006944444444436,-31.36216376410966,False,1,29.238095238095237,False,-0.0174917289375721,0.0980553739664304,1.4,3.8868421881310113,False,-1.6921296296296289,False,34.601851851851855,0.0,False,True,1.1781422849513634,0.546875,False,False,-0.747905643738977
244,False,-0.2284405406678447,29.75,True,False,False,1.528364849833148,True,22.98041837751344,False,False,63.42446513843507,0.8477369635018085,0.8367620156250024,5.375,-21.006944444444436,-31.36216376410966,False,1,29.238095238095237,False,-0.0174917289375721,0.0980553739664304,1.4,3.8868421881310113,False,-1.6921296296296289,False,34.601851851851855,0.0,False,True,1.1781422849513634,0.546875,False,False,-0.747905643738977
245,False,-0.2284405406678447,29.75,True,False,False,1.528364849833148,False,22.98041837751344,False,True,63.42446513843507,0.8477369635018085,0.8367620156250024,5.375,-21.006944444444436,-31.36216376410966,False,1,29.238095238095237,False,-0.0174917289375721,0.0980553739664304,1.4,3.8868421881310113,False,-1.6921296296296289,False,34.601851851851855,0.0,False,True,1.1781422849513634,0.546875,False,False,-0.747905643738977
246,False,-0.1451448505900032,32.97037037037037,False,False,False,1.0122327104604123,False,0.0,True,False,80.36274865962832,0.8827973045652326,1.5628352518210331,5.419354838709677,-12.018730489073937,-10.669836923248395,False,0,33.270655270655276,True,0.0749395658549693,0.0,4.93,4.373551149096554,False,-1.5359771842602037,False,34.517722023098365,0.0082644628099173,False,True,1.0526686120291346,-0.2091571279916752,False,False,-0.1278879135278715
252,False,-0.1451448505900032,32.97037037037037,False,False,False,1.0122327104604123,False,0.0,True,False,80.36274865962832,0.8827973045652326,1.5628352518210331,5.419354838709677,-12.018730489073937,-10.669836923248395,False,0,33.270655270655276,True,0.0749395658549693,0.0,51.92,4.373551149096554,False,-1.5359771842602037,False,34.517722023098365,0.0082644628099173,False,True,1.0526686120291346,-0.2091571279916752,False,False,-0.1278879135278715
258,False,-0.1451448505900032,32.97037037037037,False,False,False,1.0122327104604123,False,0.0,False,True,80.36274865962832,0.8827973045652326,1.5628352518210331,5.419354838709677,-12.018730489073937,-10.669836923248395,True,0,33.270655270655276,True,0.0749395658549693,0.0,7.45,4.373551149096554,False,-1.5359771842602037,False,34.517722023098365,0.0082644628099173,False,False,1.0526686120291346,-0.2091571279916752,False,False,-0.1278879135278715
259,False,-0.1451448505900032,32.97037037037037,False,False,False,1.0122327104604123,False,0.0,False,False,80.36274865962832,0.8827973045652326,1.5628352518210331,5.419354838709677,-12.018730489073937,-10.669836923248395,True,0,33.270655270655276,True,0.0749395658549693,0.0,7.45,4.373551149096554,False,-1.5359771842602037,False,34.517722023098365,0.0082644628099173,False,False,1.0526686120291346,-0.2091571279916752,True,False,-0.1278879135278715
260,False,-0.1451448505900032,32.97037037037037,False,False,False,1.0122327104604123,False,0.0,False,False,80.36274865962832,0.8827973045652326,1.5628352518210331,5.419354838709677,-12.018730489073937,-10.669836923248395,True,0,33.270655270655276,True,0.0749395658549693,0.0,7.45,4.373551149096554,True,-1.5359771842602037,False,34.517722023098365,0.0082644628099173,False,False,1.0526686120291346,-0.2091571279916752,False,False,-0.1278879135278715
261,False,-0.1451448505900032,32.97037037037037,False,False,False,1.0122327104604123,False,0.0,False,False,80.36274865962832,0.8827973045652326,1.5628352518210331,5.419354838709677,-12.018730489073937,-10.669836923248395,True,0,33.270655270655276,True,0.0749395658549693,0.0,7.45,4.373551149096554,False,-1.5359771842602037,False,34.517722023098365,0.0082644628099173,True,False,1.0526686120291346,-0.2091571279916752,False,False,-0.1278879135278715
262,False,-0.1451448505900032,32.97037037037037,False,False,False,1.0122327104604123,False,0.0,False,True,80.36274865962832,0.8827973045652326,1.5628352518210331,5.419354838709677,-12.018730489073937,-10.669836923248395,True,0,33.270655270655276,True,0.0749395658549693,0.0,74.435,4.373551149096554,False,-1.5359771842602037,False,34.517722023098365,0.0082644628099173,False,False,1.0526686120291346,-0.2091571279916752,False,False,-0.1278879135278715
263,False,-0.1451448505900032,32.97037037037037,False,False,False,1.0122327104604123,False,0.0,False,False,80.36274865962832,0.8827973045652326,1.5628352518210331,5.419354838709677,-12.018730489073937,-10.669836923248395,True,0,33.270655270655276,True,0.0749395658549693,0.0,74.435,4.373551149096554,False,-1.5359771842602037,False,34.517722023098365,0.0082644628099173,False,False,1.0526686120291346,-0.2091571279916752,True,False,-0.1278879135278715
264,False,-0.1451448505900032,32.97037037037037,False,False,False,1.0122327104604123,False,0.0,False,False,80.36274865962832,0.8827973045652326,1.5628352518210331,5.419354838709677,-12.018730489073937,-10.669836923248395,True,0,33.270655270655276,True,0.0749395658549693,0.0,74.435,4.373551149096554,True,-1.5359771842602037,False,34.517722023098365,0.0082644628099173,False,False,1.0526686120291346,-0.2091571279916752,False,False,-0.1278879135278715
265,False,-0.1451448505900032,32.97037037037037,False,False,False,1.0122327104604123,False,0.0,False,False,80.36274865962832,0.8827973045652326,1.5628352518210331,5.419354838709677,-12.018730489073937,-10.669836923248395,True,0,33.270655270655276,True,0.0749395658549693,0.0,74.435,4.373551149096554,False,-1.5359771842602037,False,34.517722023098365,0.0082644628099173,True,False,1.0526686120291346,-0.2091571279916752,False,False,-0.1278879135278715
266,False,-0.1451448505900032,32.97037037037037,False,True,False,1.0122327104604123,False,0.0,False,True,80.36274865962832,0.8827973045652326,1.5628352518210331,5.419354838709677,-12.018730489073937,-10.669836923248395,False,0,33.270655270655276,True,0.0749395658549693,0.0,7.45,4.373551149096554,False,-1.5359771842602037,False,34.517722023098365,0.0082644628099173,False,False,1.0526686120291346,-0.2091571279916752,False,False,-0.1278879135278715
267,False,-0.1451448505900032,32.97037037037037,False,True,False,1.0122327104604123,False,0.0,False,False,80.36274865962832,0.8827973045652326,1.5628352518210331,5.419354838709677,-12.018730489073937,-10.669836923248395,False,0,33.270655270655276,True,0.0749395658549693,0.0,7.45,4.373551149096554,False,-1.5359771842602037,False,34.517722023098365,0.0082644628099173,False,False,1.0526686120291346,-0.2091571279916752,True,False,-0.1278879135278715
268,False,-0.1451448505900032,32.97037037037037,False,True,False,1.0122327104604123,False,0.0,False,False,80.36274865962832,0.8827973045652326,1.5628352518210331,5.419354838709677,-12.018730489073937,-10.669836923248395,False,0,33.270655270655276,True,0.0749395658549693,0.0,7.45,4.373551149096554,True,-1.5359771842602037,False,34.517722023098365,0.0082644628099173,False,False,1.0526686120291346,-0.2091571279916752,False,False,-0.1278879135278715
269,False,-0.1451448505900032,32.97037037037037,False,True,False,1.0122327104604123,False,0.0,False,False,80.36274865962832,0.8827973045652326,1.5628352518210331,5.419354838709677,-12.018730489073937,-10.669836923248395,False,0,33.270655270655276,True,0.0749395658549693,0.0,7.45,4.373551149096554,False,-1.5359771842602037,False,34.517722023098365,0.0082644628099173,True,False,1.0526686120291346,-0.2091571279916752,False,False,-0.1278879135278715
270,False,-0.1451448505900032,32.97037037037037,False,True,False,1.0122327104604123,False,0.0,False,True,80.36274865962832,0.8827973045652326,1.5628352518210331,5.419354838709677,-12.018730489073937,-10.669836923248395,False,0,33.270655270655276,True,0.0749395658549693,0.0,74.435,4.373551149096554,False,-1.5359771842602037,False,34.517722023098365,0.0082644628099173,False,False,1.0526686120291346,-0.2091571279916752,False,False,-0.1278879135278715
271,False,-0.1451448505900032,32.97037037037037,False,True,False,1.0122327104604123,False,0.0,False,False,80.36274865962832,0.8827973045652326,1.5628352518210331,5.419354838709677,-12.018730489073937,-10.669836923248395,False,0,33.270655270655276,True,0.0749395658549693,0.0,74.435,4.373551149096554,False,-1.5359771842602037,False,34.517722023098365,0.0082644628099173,False,False,1.0526686120291346,-0.2091571279916752,True,False,-0.1278879135278715
272,False,-0.1451448505900032,32.97037037037037,False,True,False,1.0122327104604123,False,0.0,False,False,80.36274865962832,0.8827973045652326,1.5628352518210331,5.419354838709677,-12.018730489073937,-10.669836923248395,False,0,33.270655270655276,True,0.0749395658549693,0.0,74.435,4.373551149096554,True,-1.5359771842602037,False,34.517722023098365,0.0082644628099173,False,False,1.0526686120291346,-0.2091571279916752,False,False,-0.1278879135278715
273,False,-0.1451448505900032,32.97037037037037,False,True,False,1.0122327104604123,False,0.0,False,False,80.36274865962832,0.8827973045652326,1.5628352518210331,5.419354838709677,-12.018730489073937,-10.669836923248395,False,0,33.270655270655276,True,0.0749395658549693,0.0,74.435,4.373551149096554,False,-1.5359771842602037,False,34.517722023098365,0.0082644628099173,True,False,1.0526686120291346,-0.2091571279916752,False,False,-0.1278879135278715
274,False,-0.208539272469327,0.0,False,False,False,1.5314516129032258,False,16.671824296562214,True,False,56.3926000175963,0.8300677204059526,0.8761842500000034,5.166666666666667,-22.01234567901235,0.0,False,1,0.0,False,-0.0212091796581899,0.1926476316279699,6.0,3.4613201402110083,False,-15.526748971193417,False,33.46913580246914,0.0,False,True,1.1570094842916416,0.0,False,True,-8.751714677640605
275,False,-0.2284405406678447,29.75,False,False,False,1.528364849833148,False,22.98041837751344,True,False,63.42446513843507,0.8477369635018085,0.8367620156250024,5.375,-21.006944444444436,-31.36216376410966,False,1,29.238095238095237,False,-0.0174917289375721,0.0980553739664304,8.0,3.8868421881310113,False,-1.6921296296296289,False,34.601851851851855,0.0,False,True,1.1781422849513634,0.546875,False,True,-0.747905643738977
276,False,-0.2369167910611626,31.6,False,False,False,1.5259472817133446,False,29.28901143264356,True,False,68.85867377510682,0.8590085574712811,0.8104354500000023,5.5,-20.40444444444445,1.5620397282261025,False,1,32.61538461538461,False,-0.0179769841767483,0.0597564811350816,10.0,4.081727678869736,False,-0.1762962962962868,False,35.28148148148148,0.0,False,True,1.2017549757934374,-0.06,False,True,-0.0703893637226969
277,False,-0.2272174214524598,32.0,False,False,False,1.026315789473684,False,25.529641001596413,True,False,62.61436610331814,0.8629024540840061,0.9733865562130164,5.346153846153846,-16.248520710059164,2.1821454120015784,False,1,33.333333333333336,False,0.0323698870675225,0.0807674044853524,8.28,4.056020968057882,False,0.5680473372781019,False,35.53846153846154,0.0,False,True,1.0117924528301885,0.0453648915187376,False,True,-0.0420775805391189
278,False,-0.2315171168504216,33.333333333333336,False,False,False,1.0521769177608844,False,28.683937525686815,True,False,65.45319812495677,0.8668746832595814,0.9544427776456617,5.413793103448276,-16.420927467300814,2.398160254058329,False,1,34.0,False,0.032342877774342,0.0634181404098172,9.28,4.073329701949522,False,0.7990487514863187,False,35.793103448275865,0.0,False,True,1.0422230950510605,-0.0697582243361078,False,True,-0.01585414189457
279,False,-0.2346529314073499,34.0,False,False,False,1.0754716981132075,False,31.838234048984397,True,False,68.00277022605931,0.8702819531114784,0.9384549999999968,5.46875,-16.5625,2.498608641419011,False,1,34.4,False,0.0323405657595662,0.0511587637442131,10.28,4.054229296672175,False,0.9375,False,36.0,0.0066115702479338,False,True,1.069148936170213,-0.0458984375,False,True,-0.0041666666666666
280,False,-0.2370149644775303,34.4,False,False,False,1.0965359144167093,False,34.99253057235784,True,False,68.14463593849428,0.8509683800485691,0.9248032195918366,5.514285714285714,-16.680816326530614,2.5308552848678048,False,1,34.666666666666664,False,0.03234043641512,0.0421625934324348,11.28,3.964857659740295,False,1.0187755102040823,False,36.17142857142857,0.0089531680440771,False,True,1.0931260695949805,-0.0326530612244897,False,True,0.0014512471655328
281,False,-0.2388416975147402,34.666666666666664,False,False,False,1.1156583629893235,False,38.14682709572399,True,False,67.67763800756036,0.8281794779753038,0.9130224709141272,5.552631578947368,-16.781163434903025,2.5221746531252935,False,1,34.857142857142854,False,0.0323404316020281,0.0353595978249718,12.28,3.860320777833043,False,1.063711911357335,False,36.31578947368421,0.0095166541447533,False,True,1.1146039603960396,-0.0244690674053554,False,True,0.0042210790133227
